m_disk, sb_law, scale_factor, r_in, r_out, inc, pa, lnprob 

-6.988374896695810357e+00,4.717147352966875040e+00,5.023861816851581119e-02,9.436082089858446764e+00,1.805263032324765149e+01,8.879561996222803089e+01,1.275475828923190420e+02,-6.084041523437500000e+05
-7.625253428001220080e+00,3.152095893414069927e+00,4.006994586717042839e-02,9.126959718070793315e+00,4.149812374386925740e+01,8.910703450415221027e+01,1.290447008986123762e+02,-3.132843750000000000e+05
-8.062249347422968171e+00,3.876581334597222206e+00,3.289193071285419906e-02,9.324198887225204402e+00,5.695077509740021782e+01,8.940716831429728018e+01,1.270452875964082153e+02,-3.164630390625000000e+05
-7.439181401226858448e+00,2.401708346976370478e+00,2.220934293726311778e-02,3.974833657124235309e+00,2.822798684767763078e+01,8.979937754819022189e+01,1.253850183043589226e+02,-3.247018671875000000e+05
-7.259466271921432678e+00,2.888684640193208253e+00,4.067517918425388179e-02,1.788059610628468299e+00,7.069589044723922200e+01,8.962188195027272286e+01,1.273169457067088217e+02,-3.156163964843750000e+05
-7.097454957894715477e+00,3.026181256820688503e+00,5.473964433127888329e-02,1.113247450062428179e+01,1.716925154237630480e+01,8.941889856568997175e+01,1.297781671277685973e+02,-5.104450078125000000e+05
-7.030383816899171023e+00,3.673026743475092282e+00,3.860047361522394443e-02,9.842105145151887058e+00,1.265355490336771105e+01,8.958653210886488694e+01,1.286910002932838211e+02,-7.573514492187500000e+05
-7.517590313829125570e+00,3.844561825375351294e+00,3.481266390729820248e-02,1.376027008463181112e+01,5.389490895390648006e+01,9.018207849988256442e+01,1.280532853882166080e+02,-inf
-7.252647533296440407e+00,3.258381799430025705e+00,3.074359236093627407e-02,1.075131067295598797e+01,-1.359916578566118517e+01,8.936276586519055343e+01,1.310377726906565670e+02,-inf
-6.733308540764435079e+00,2.571363117019085820e+00,4.031340049589728775e-02,3.156232321288927167e+00,7.872153765945520831e+01,8.949738498242112428e+01,1.260238652063282245e+02,-3.368935839843750000e+05
-8.071196210203961385e+00,4.716042877042232462e+00,3.402398775001847647e-02,9.468954504301713371e+00,3.768473323071390269e+01,8.928137460157989835e+01,1.283690329099829910e+02,-3.152762324218750000e+05
-7.222626763940334982e+00,3.810889960518126784e+00,3.268731423041224687e-02,3.369002333363812163e+00,2.760153380250325483e+01,8.940060556407624404e+01,1.280306229143258179e+02,-3.441667519531250000e+05
-7.537114914916319464e+00,4.714179058564427649e+00,5.170328782118620292e-02,6.555225131196512400e+00,2.327556672455607156e+01,8.976732915215794151e+01,1.322079762342489460e+02,-3.219579042968750000e+05
-7.882668288398341438e+00,9.730330668741449252e-01,5.074409873500783374e-02,7.763690071192915099e+00,6.848229591642443381e+01,8.978640371981538237e+01,1.253418334164260273e+02,-3.160739628906250000e+05
-7.226074669688869356e+00,3.800723282418787097e+00,4.280308834457116629e-02,7.950257896632451526e+00,5.102015082075385521e+01,8.944064899556484249e+01,1.290121418885116498e+02,-3.157474414062500000e+05
-7.685531281400412418e+00,3.056476183665938873e+00,6.405364704027824430e-02,-1.733232605760715472e+00,6.680418414452243780e+01,8.921449563873700583e+01,1.283914242076483276e+02,-inf
-7.412676000126233511e+00,4.716714566552632881e+00,4.388495160094954550e-02,9.448963071740408282e+00,2.574542582180508532e+01,8.898596182833490786e+01,1.278694662396079309e+02,-3.252354960937500000e+05
-7.618017196099219568e+00,3.163936109352937898e+00,3.993726107667044251e-02,9.023474483145383473e+00,4.124836644650476103e+01,8.911231072765886552e+01,1.290264753211332334e+02,-3.132443085937500000e+05
-8.040698270422490523e+00,3.829665216549542173e+00,3.467461279956655928e-02,8.691631513834169098e+00,5.751446342627110653e+01,8.939614600334010674e+01,1.271222966288347607e+02,-3.164350820312500000e+05
-7.455722123768091514e+00,2.348423070470433860e+00,2.327360321662023945e-02,4.116146567396256728e+00,2.972935109689326083e+01,8.979889366354413482e+01,1.253834076383619447e+02,-3.215705019531250000e+05
-7.246451626206252605e+00,3.214480943630306342e+00,3.785322964984928068e-02,2.346574383489987259e+00,5.547153445576841335e+01,8.954370952264528682e+01,1.275690732871558879e+02,-3.153849667968750000e+05
-7.097454957894715477e+00,3.026181256820688503e+00,5.473964433127888329e-02,1.113247450062428179e+01,1.716925154237630480e+01,8.941889856568997175e+01,1.297781671277685973e+02,-5.104450078125000000e+05
-7.444331856458325625e+00,2.361660495906233059e+00,4.449853931931173345e-02,8.832634863777238721e+00,3.976914678169877249e+01,8.968360821934588500e+01,1.270643355948256925e+02,-3.139167070312500000e+05
-7.517590313829125570e+00,3.844561825375351294e+00,3.481266390729820248e-02,1.376027008463181112e+01,5.389490895390648006e+01,9.018207849988256442e+01,1.280532853882166080e+02,-inf
-7.252647533296440407e+00,3.258381799430025705e+00,3.074359236093627407e-02,1.075131067295598797e+01,-1.359916578566118517e+01,8.936276586519055343e+01,1.310377726906565670e+02,-inf
-6.733308540764435079e+00,2.571363117019085820e+00,4.031340049589728775e-02,3.156232321288927167e+00,7.872153765945520831e+01,8.949738498242112428e+01,1.260238652063282245e+02,-3.368935839843750000e+05
-7.949388518512429336e+00,4.494275075725833624e+00,3.458953389096552922e-02,8.417040131417346416e+00,4.031169100871856159e+01,8.932011921634313012e+01,1.282508857441893326e+02,-3.148337792968750000e+05
-7.222626763940334982e+00,3.810889960518126784e+00,3.268731423041224687e-02,3.369002333363812163e+00,2.760153380250325483e+01,8.940060556407624404e+01,1.280306229143258179e+02,-3.441667519531250000e+05
-7.537114914916319464e+00,4.714179058564427649e+00,5.170328782118620292e-02,6.555225131196512400e+00,2.327556672455607156e+01,8.976732915215794151e+01,1.322079762342489460e+02,-3.219579042968750000e+05
-7.816354929036705812e+00,1.206660928850557646e+00,4.940047338702877044e-02,7.199059874202347942e+00,6.712617409255351220e+01,8.976110751418556788e+01,1.255739803668428607e+02,-3.158606289062500000e+05
-7.226074669688869356e+00,3.800723282418787097e+00,4.280308834457116629e-02,7.950257896632451526e+00,5.102015082075385521e+01,8.944064899556484249e+01,1.290121418885116498e+02,-3.157474414062500000e+05
-7.531761907048777793e+00,3.048554708577038141e+00,6.161823464221664187e-02,1.630874489295685237e+00,5.382571140697204726e+01,8.926794263011701958e+01,1.287540278063483754e+02,-3.143877460937500000e+05
-7.364111954333770527e+00,4.478322682829677603e+00,4.360339060349686241e-02,9.058916620395439878e+00,3.232331516141438499e+01,8.910429672101142273e+01,1.281668540042568907e+02,-3.185346601562500000e+05
-7.618017196099219568e+00,3.163936109352937898e+00,3.993726107667044251e-02,9.023474483145383473e+00,4.124836644650476103e+01,8.911231072765886552e+01,1.290264753211332334e+02,-3.132443085937500000e+05
-8.040698270422490523e+00,3.829665216549542173e+00,3.467461279956655928e-02,8.691631513834169098e+00,5.751446342627110653e+01,8.939614600334010674e+01,1.271222966288347607e+02,-3.164350820312500000e+05
-7.455722123768091514e+00,2.348423070470433860e+00,2.327360321662023945e-02,4.116146567396256728e+00,2.972935109689326083e+01,8.979889366354413482e+01,1.253834076383619447e+02,-3.215705019531250000e+05
-7.352305415634141639e+00,3.407202452563259598e+00,3.736175656400205630e-02,3.260713063709412829e+00,5.318864548868201325e+01,8.951003952828237686e+01,1.276717459922679296e+02,-3.143726738281250000e+05
-7.097454957894715477e+00,3.026181256820688503e+00,5.473964433127888329e-02,1.113247450062428179e+01,1.716925154237630480e+01,8.941889856568997175e+01,1.297781671277685973e+02,-5.104450078125000000e+05
-7.458980038843533222e+00,2.265909075519132010e+00,4.527891372266873438e-02,9.193620192902020705e+00,4.057306793699387271e+01,8.970230636679394820e+01,1.270004924384426204e+02,-3.136875976562500000e+05
-7.517590313829125570e+00,3.844561825375351294e+00,3.481266390729820248e-02,1.376027008463181112e+01,5.389490895390648006e+01,9.018207849988256442e+01,1.280532853882166080e+02,-inf
-7.252647533296440407e+00,3.258381799430025705e+00,3.074359236093627407e-02,1.075131067295598797e+01,-1.359916578566118517e+01,8.936276586519055343e+01,1.310377726906565670e+02,-inf
-6.655378107154378498e+00,2.474028162777925477e+00,3.722606149002297138e-02,1.449248585150609614e+00,9.189425094494137625e+01,8.951418174383528026e+01,1.252204126309971173e+02,-3.344673046875000000e+05
-7.949388518512429336e+00,4.494275075725833624e+00,3.458953389096552922e-02,8.417040131417346416e+00,4.031169100871856159e+01,8.932011921634313012e+01,1.282508857441893326e+02,-3.148337792968750000e+05
-7.222626763940334982e+00,3.810889960518126784e+00,3.268731423041224687e-02,3.369002333363812163e+00,2.760153380250325483e+01,8.940060556407624404e+01,1.280306229143258179e+02,-3.441667519531250000e+05
-7.592330105274559315e+00,4.617196901335937298e+00,4.983618573652284778e-02,6.789470532300624583e+00,2.702967650274978340e+01,8.972663092812878460e+01,1.316503589809310313e+02,-3.167084394531250000e+05
-7.816354929036705812e+00,1.206660928850557646e+00,4.940047338702877044e-02,7.199059874202347942e+00,6.712617409255351220e+01,8.976110751418556788e+01,1.255739803668428607e+02,-3.158606289062500000e+05
-7.226074669688869356e+00,3.800723282418787097e+00,4.280308834457116629e-02,7.950257896632451526e+00,5.102015082075385521e+01,8.944064899556484249e+01,1.290121418885116498e+02,-3.157474414062500000e+05
-7.531761907048777793e+00,3.048554708577038141e+00,6.161823464221664187e-02,1.630874489295685237e+00,5.382571140697204726e+01,8.926794263011701958e+01,1.287540278063483754e+02,-3.143877460937500000e+05
-7.364111954333770527e+00,4.478322682829677603e+00,4.360339060349686241e-02,9.058916620395439878e+00,3.232331516141438499e+01,8.910429672101142273e+01,1.281668540042568907e+02,-3.185346601562500000e+05
-7.618017196099219568e+00,3.163936109352937898e+00,3.993726107667044251e-02,9.023474483145383473e+00,4.124836644650476103e+01,8.911231072765886552e+01,1.290264753211332334e+02,-3.132443085937500000e+05
-7.712588127303432017e+00,3.822134882226989827e+00,3.387755189134662032e-02,6.556844263165027442e+00,4.551705789118555856e+01,8.939793463318454769e+01,1.274866059406366787e+02,-3.141108007812500000e+05
-7.455722123768091514e+00,2.348423070470433860e+00,2.327360321662023945e-02,4.116146567396256728e+00,2.972935109689326083e+01,8.979889366354413482e+01,1.253834076383619447e+02,-3.215705019531250000e+05
-7.352305415634141639e+00,3.407202452563259598e+00,3.736175656400205630e-02,3.260713063709412829e+00,5.318864548868201325e+01,8.951003952828237686e+01,1.276717459922679296e+02,-3.143726738281250000e+05
-7.097454957894715477e+00,3.026181256820688503e+00,5.473964433127888329e-02,1.113247450062428179e+01,1.716925154237630480e+01,8.941889856568997175e+01,1.297781671277685973e+02,-5.104450078125000000e+05
-7.522217556274933159e+00,2.553253890349312716e+00,4.390053249260809226e-02,9.093481232808649395e+00,4.053936373173801400e+01,8.965302384499699428e+01,1.271617289825612005e+02,-3.132993671875000000e+05
-7.517590313829125570e+00,3.844561825375351294e+00,3.481266390729820248e-02,1.376027008463181112e+01,5.389490895390648006e+01,9.018207849988256442e+01,1.280532853882166080e+02,-inf
-7.252647533296440407e+00,3.258381799430025705e+00,3.074359236093627407e-02,1.075131067295598797e+01,-1.359916578566118517e+01,8.936276586519055343e+01,1.310377726906565670e+02,-inf
-6.780998140864805457e+00,2.673708106490100267e+00,3.687444145570709098e-02,3.242903237453637288e+00,8.635793565627537305e+01,8.961149098204859342e+01,1.256331481136362669e+02,-3.270823183593750000e+05
-7.949388518512429336e+00,4.494275075725833624e+00,3.458953389096552922e-02,8.417040131417346416e+00,4.031169100871856159e+01,8.932011921634313012e+01,1.282508857441893326e+02,-3.148337792968750000e+05
-7.222626763940334982e+00,3.810889960518126784e+00,3.268731423041224687e-02,3.369002333363812163e+00,2.760153380250325483e+01,8.940060556407624404e+01,1.280306229143258179e+02,-3.441667519531250000e+05
-7.592330105274559315e+00,4.617196901335937298e+00,4.983618573652284778e-02,6.789470532300624583e+00,2.702967650274978340e+01,8.972663092812878460e+01,1.316503589809310313e+02,-3.167084394531250000e+05
-7.816354929036705812e+00,1.206660928850557646e+00,4.940047338702877044e-02,7.199059874202347942e+00,6.712617409255351220e+01,8.976110751418556788e+01,1.255739803668428607e+02,-3.158606289062500000e+05
-7.226074669688869356e+00,3.800723282418787097e+00,4.280308834457116629e-02,7.950257896632451526e+00,5.102015082075385521e+01,8.944064899556484249e+01,1.290121418885116498e+02,-3.157474414062500000e+05
-7.531862681110726321e+00,3.042894309689174293e+00,6.180884879575181123e-02,1.544622474848312166e+00,5.382521934388687868e+01,8.926144221881241947e+01,1.287590107788878981e+02,-3.143884863281250000e+05
-7.394876028999399331e+00,4.623447059779515200e+00,4.597694636338552077e-02,1.029611287733591851e+01,3.335000377720788833e+01,8.903986830029273847e+01,1.281964756445908620e+02,-3.164576992187500000e+05
-7.618017196099219568e+00,3.163936109352937898e+00,3.993726107667044251e-02,9.023474483145383473e+00,4.124836644650476103e+01,8.911231072765886552e+01,1.290264753211332334e+02,-3.132443085937500000e+05
-7.712588127303432017e+00,3.822134882226989827e+00,3.387755189134662032e-02,6.556844263165027442e+00,4.551705789118555856e+01,8.939793463318454769e+01,1.274866059406366787e+02,-3.141108007812500000e+05
-7.455722123768091514e+00,2.348423070470433860e+00,2.327360321662023945e-02,4.116146567396256728e+00,2.972935109689326083e+01,8.979889366354413482e+01,1.253834076383619447e+02,-3.215705019531250000e+05
-7.352305415634141639e+00,3.407202452563259598e+00,3.736175656400205630e-02,3.260713063709412829e+00,5.318864548868201325e+01,8.951003952828237686e+01,1.276717459922679296e+02,-3.143726738281250000e+05
-7.097454957894715477e+00,3.026181256820688503e+00,5.473964433127888329e-02,1.113247450062428179e+01,1.716925154237630480e+01,8.941889856568997175e+01,1.297781671277685973e+02,-5.104450078125000000e+05
-7.522217556274933159e+00,2.553253890349312716e+00,4.390053249260809226e-02,9.093481232808649395e+00,4.053936373173801400e+01,8.965302384499699428e+01,1.271617289825612005e+02,-3.132993671875000000e+05
-7.517590313829125570e+00,3.844561825375351294e+00,3.481266390729820248e-02,1.376027008463181112e+01,5.389490895390648006e+01,9.018207849988256442e+01,1.280532853882166080e+02,-inf
-7.252647533296440407e+00,3.258381799430025705e+00,3.074359236093627407e-02,1.075131067295598797e+01,-1.359916578566118517e+01,8.936276586519055343e+01,1.310377726906565670e+02,-inf
-7.065110770558545639e+00,2.840108102012143032e+00,3.791406621854570558e-02,5.205024992597610201e+00,7.104621933107128484e+01,8.944205228901174110e+01,1.267849583505767868e+02,-3.182972363281250000e+05
-7.949388518512429336e+00,4.494275075725833624e+00,3.458953389096552922e-02,8.417040131417346416e+00,4.031169100871856159e+01,8.932011921634313012e+01,1.282508857441893326e+02,-3.148337792968750000e+05
-7.222626763940334982e+00,3.810889960518126784e+00,3.268731423041224687e-02,3.369002333363812163e+00,2.760153380250325483e+01,8.940060556407624404e+01,1.280306229143258179e+02,-3.441667519531250000e+05
-7.592330105274559315e+00,4.617196901335937298e+00,4.983618573652284778e-02,6.789470532300624583e+00,2.702967650274978340e+01,8.972663092812878460e+01,1.316503589809310313e+02,-3.167084394531250000e+05
-7.816354929036705812e+00,1.206660928850557646e+00,4.940047338702877044e-02,7.199059874202347942e+00,6.712617409255351220e+01,8.976110751418556788e+01,1.255739803668428607e+02,-3.158606289062500000e+05
-7.226074669688869356e+00,3.800723282418787097e+00,4.280308834457116629e-02,7.950257896632451526e+00,5.102015082075385521e+01,8.944064899556484249e+01,1.290121418885116498e+02,-3.157474414062500000e+05
-7.531862681110726321e+00,3.042894309689174293e+00,6.180884879575181123e-02,1.544622474848312166e+00,5.382521934388687868e+01,8.926144221881241947e+01,1.287590107788878981e+02,-3.143884863281250000e+05
-7.432475650777715437e+00,4.622256891422567016e+00,4.671183086675601004e-02,9.628370643939737406e+00,3.214647372344673926e+01,8.917064308876625489e+01,1.288541713962442543e+02,-3.162088125000000000e+05
-7.618017196099219568e+00,3.163936109352937898e+00,3.993726107667044251e-02,9.023474483145383473e+00,4.124836644650476103e+01,8.911231072765886552e+01,1.290264753211332334e+02,-3.132443085937500000e+05
-7.712588127303432017e+00,3.822134882226989827e+00,3.387755189134662032e-02,6.556844263165027442e+00,4.551705789118555856e+01,8.939793463318454769e+01,1.274866059406366787e+02,-3.141108007812500000e+05
-7.455722123768091514e+00,2.348423070470433860e+00,2.327360321662023945e-02,4.116146567396256728e+00,2.972935109689326083e+01,8.979889366354413482e+01,1.253834076383619447e+02,-3.215705019531250000e+05
-7.352305415634141639e+00,3.407202452563259598e+00,3.736175656400205630e-02,3.260713063709412829e+00,5.318864548868201325e+01,8.951003952828237686e+01,1.276717459922679296e+02,-3.143726738281250000e+05
-7.097454957894715477e+00,3.026181256820688503e+00,5.473964433127888329e-02,1.113247450062428179e+01,1.716925154237630480e+01,8.941889856568997175e+01,1.297781671277685973e+02,-5.104450078125000000e+05
-7.522217556274933159e+00,2.553253890349312716e+00,4.390053249260809226e-02,9.093481232808649395e+00,4.053936373173801400e+01,8.965302384499699428e+01,1.271617289825612005e+02,-3.132993671875000000e+05
-7.517590313829125570e+00,3.844561825375351294e+00,3.481266390729820248e-02,1.376027008463181112e+01,5.389490895390648006e+01,9.018207849988256442e+01,1.280532853882166080e+02,-inf
-7.252647533296440407e+00,3.258381799430025705e+00,3.074359236093627407e-02,1.075131067295598797e+01,-1.359916578566118517e+01,8.936276586519055343e+01,1.310377726906565670e+02,-inf
-7.065110770558545639e+00,2.840108102012143032e+00,3.791406621854570558e-02,5.205024992597610201e+00,7.104621933107128484e+01,8.944205228901174110e+01,1.267849583505767868e+02,-3.182972363281250000e+05
-7.949388518512429336e+00,4.494275075725833624e+00,3.458953389096552922e-02,8.417040131417346416e+00,4.031169100871856159e+01,8.932011921634313012e+01,1.282508857441893326e+02,-3.148337792968750000e+05
-7.222626763940334982e+00,3.810889960518126784e+00,3.268731423041224687e-02,3.369002333363812163e+00,2.760153380250325483e+01,8.940060556407624404e+01,1.280306229143258179e+02,-3.441667519531250000e+05
-7.592330105274559315e+00,4.617196901335937298e+00,4.983618573652284778e-02,6.789470532300624583e+00,2.702967650274978340e+01,8.972663092812878460e+01,1.316503589809310313e+02,-3.167084394531250000e+05
-7.816354929036705812e+00,1.206660928850557646e+00,4.940047338702877044e-02,7.199059874202347942e+00,6.712617409255351220e+01,8.976110751418556788e+01,1.255739803668428607e+02,-3.158606289062500000e+05
-7.226074669688869356e+00,3.800723282418787097e+00,4.280308834457116629e-02,7.950257896632451526e+00,5.102015082075385521e+01,8.944064899556484249e+01,1.290121418885116498e+02,-3.157474414062500000e+05
-7.531862681110726321e+00,3.042894309689174293e+00,6.180884879575181123e-02,1.544622474848312166e+00,5.382521934388687868e+01,8.926144221881241947e+01,1.287590107788878981e+02,-3.143884863281250000e+05
-7.478740493519171473e+00,4.210611827397690021e+00,4.703586404706351642e-02,9.335591931731681115e+00,3.636220098035832393e+01,8.924180541852352633e+01,1.284588452332237978e+02,-3.136960332031250000e+05
-7.618017196099219568e+00,3.163936109352937898e+00,3.993726107667044251e-02,9.023474483145383473e+00,4.124836644650476103e+01,8.911231072765886552e+01,1.290264753211332334e+02,-3.132443085937500000e+05
-7.712588127303432017e+00,3.822134882226989827e+00,3.387755189134662032e-02,6.556844263165027442e+00,4.551705789118555856e+01,8.939793463318454769e+01,1.274866059406366787e+02,-3.141108007812500000e+05
-7.455722123768091514e+00,2.348423070470433860e+00,2.327360321662023945e-02,4.116146567396256728e+00,2.972935109689326083e+01,8.979889366354413482e+01,1.253834076383619447e+02,-3.215705019531250000e+05
-7.352305415634141639e+00,3.407202452563259598e+00,3.736175656400205630e-02,3.260713063709412829e+00,5.318864548868201325e+01,8.951003952828237686e+01,1.276717459922679296e+02,-3.143726738281250000e+05
-7.097454957894715477e+00,3.026181256820688503e+00,5.473964433127888329e-02,1.113247450062428179e+01,1.716925154237630480e+01,8.941889856568997175e+01,1.297781671277685973e+02,-5.104450078125000000e+05
-7.522217556274933159e+00,2.553253890349312716e+00,4.390053249260809226e-02,9.093481232808649395e+00,4.053936373173801400e+01,8.965302384499699428e+01,1.271617289825612005e+02,-3.132993671875000000e+05
-7.517590313829125570e+00,3.844561825375351294e+00,3.481266390729820248e-02,1.376027008463181112e+01,5.389490895390648006e+01,9.018207849988256442e+01,1.280532853882166080e+02,-inf
-7.252647533296440407e+00,3.258381799430025705e+00,3.074359236093627407e-02,1.075131067295598797e+01,-1.359916578566118517e+01,8.936276586519055343e+01,1.310377726906565670e+02,-inf
-7.196566049957763944e+00,3.099679607176498042e+00,3.766126199256924351e-02,4.315070836997133341e+00,6.287241665370749644e+01,8.947317153753238017e+01,1.271908604772532669e+02,-3.161695097656250000e+05
-7.949388518512429336e+00,4.494275075725833624e+00,3.458953389096552922e-02,8.417040131417346416e+00,4.031169100871856159e+01,8.932011921634313012e+01,1.282508857441893326e+02,-3.148337792968750000e+05
-7.388144962437590557e+00,3.814688707363629305e+00,3.308939898270617241e-02,4.445915520340328442e+00,3.365373606583834487e+01,8.939970327319667831e+01,1.278468437101475814e+02,-3.172482480468750000e+05
-7.592330105274559315e+00,4.617196901335937298e+00,4.983618573652284778e-02,6.789470532300624583e+00,2.702967650274978340e+01,8.972663092812878460e+01,1.316503589809310313e+02,-3.167084394531250000e+05
-7.816354929036705812e+00,1.206660928850557646e+00,4.940047338702877044e-02,7.199059874202347942e+00,6.712617409255351220e+01,8.976110751418556788e+01,1.255739803668428607e+02,-3.158606289062500000e+05
-7.226074669688869356e+00,3.800723282418787097e+00,4.280308834457116629e-02,7.950257896632451526e+00,5.102015082075385521e+01,8.944064899556484249e+01,1.290121418885116498e+02,-3.157474414062500000e+05
-7.531862681110726321e+00,3.042894309689174293e+00,6.180884879575181123e-02,1.544622474848312166e+00,5.382521934388687868e+01,8.926144221881241947e+01,1.287590107788878981e+02,-3.143884863281250000e+05
-7.478740493519171473e+00,4.210611827397690021e+00,4.703586404706351642e-02,9.335591931731681115e+00,3.636220098035832393e+01,8.924180541852352633e+01,1.284588452332237978e+02,-3.136960332031250000e+05
-7.618017196099219568e+00,3.163936109352937898e+00,3.993726107667044251e-02,9.023474483145383473e+00,4.124836644650476103e+01,8.911231072765886552e+01,1.290264753211332334e+02,-3.132443085937500000e+05
-7.712588127303432017e+00,3.822134882226989827e+00,3.387755189134662032e-02,6.556844263165027442e+00,4.551705789118555856e+01,8.939793463318454769e+01,1.274866059406366787e+02,-3.141108007812500000e+05
-7.455722123768091514e+00,2.348423070470433860e+00,2.327360321662023945e-02,4.116146567396256728e+00,2.972935109689326083e+01,8.979889366354413482e+01,1.253834076383619447e+02,-3.215705019531250000e+05
-7.352305415634141639e+00,3.407202452563259598e+00,3.736175656400205630e-02,3.260713063709412829e+00,5.318864548868201325e+01,8.951003952828237686e+01,1.276717459922679296e+02,-3.143726738281250000e+05
-7.097454957894715477e+00,3.026181256820688503e+00,5.473964433127888329e-02,1.113247450062428179e+01,1.716925154237630480e+01,8.941889856568997175e+01,1.297781671277685973e+02,-5.104450078125000000e+05
-7.522217556274933159e+00,2.553253890349312716e+00,4.390053249260809226e-02,9.093481232808649395e+00,4.053936373173801400e+01,8.965302384499699428e+01,1.271617289825612005e+02,-3.132993671875000000e+05
-7.517590313829125570e+00,3.844561825375351294e+00,3.481266390729820248e-02,1.376027008463181112e+01,5.389490895390648006e+01,9.018207849988256442e+01,1.280532853882166080e+02,-inf
-7.252647533296440407e+00,3.258381799430025705e+00,3.074359236093627407e-02,1.075131067295598797e+01,-1.359916578566118517e+01,8.936276586519055343e+01,1.310377726906565670e+02,-inf
-7.196566049957763944e+00,3.099679607176498042e+00,3.766126199256924351e-02,4.315070836997133341e+00,6.287241665370749644e+01,8.947317153753238017e+01,1.271908604772532669e+02,-3.161695097656250000e+05
-7.946680906105010322e+00,4.490201016040467508e+00,3.459093303897989996e-02,8.450545124166513489e+00,4.039686526151112389e+01,8.932552417547795187e+01,1.282496466811970777e+02,-3.148247402343750000e+05
-7.388144962437590557e+00,3.814688707363629305e+00,3.308939898270617241e-02,4.445915520340328442e+00,3.365373606583834487e+01,8.939970327319667831e+01,1.278468437101475814e+02,-3.172482480468750000e+05
-7.592330105274559315e+00,4.617196901335937298e+00,4.983618573652284778e-02,6.789470532300624583e+00,2.702967650274978340e+01,8.972663092812878460e+01,1.316503589809310313e+02,-3.167084394531250000e+05
-7.816354929036705812e+00,1.206660928850557646e+00,4.940047338702877044e-02,7.199059874202347942e+00,6.712617409255351220e+01,8.976110751418556788e+01,1.255739803668428607e+02,-3.158606289062500000e+05
-7.243345997416597015e+00,3.803320569589229816e+00,4.232968239907966557e-02,8.294481702860657890e+00,5.119047063327047198e+01,8.948457621598501532e+01,1.289553328451777929e+02,-3.154378828125000000e+05
-7.527440329455057366e+00,2.818391034095038883e+00,5.359777080539293581e-02,5.005822676507410307e+00,4.773356925499209069e+01,8.944098490824038095e+01,1.280266468212601865e+02,-3.135606699218750000e+05
-7.478740493519171473e+00,4.210611827397690021e+00,4.703586404706351642e-02,9.335591931731681115e+00,3.636220098035832393e+01,8.924180541852352633e+01,1.284588452332237978e+02,-3.136960332031250000e+05
-7.618017196099219568e+00,3.163936109352937898e+00,3.993726107667044251e-02,9.023474483145383473e+00,4.124836644650476103e+01,8.911231072765886552e+01,1.290264753211332334e+02,-3.132443085937500000e+05
-7.619500179476199619e+00,3.819998455227581413e+00,3.365141818047081429e-02,5.951184949120533751e+00,4.211328058062877489e+01,8.939844208437169470e+01,1.275899639346554295e+02,-3.133528300781250000e+05
-7.402728902749640127e+00,2.502042868400998099e+00,2.621564648128998226e-02,4.156823359685557051e+00,3.650657137368575889e+01,8.973228876264192877e+01,1.257530024788899681e+02,-3.172518222656250000e+05
-7.624820523238796000e+00,3.903746261642382365e+00,3.609136220356715802e-02,5.640198195717674778e+00,4.732374456165865695e+01,8.942544111864005174e+01,1.279367075711909933e+02,-3.139455878906250000e+05
-7.097454957894715477e+00,3.026181256820688503e+00,5.473964433127888329e-02,1.113247450062428179e+01,1.716925154237630480e+01,8.941889856568997175e+01,1.297781671277685973e+02,-5.104450078125000000e+05
-7.522217556274933159e+00,2.553253890349312716e+00,4.390053249260809226e-02,9.093481232808649395e+00,4.053936373173801400e+01,8.965302384499699428e+01,1.271617289825612005e+02,-3.132993671875000000e+05
-7.517590313829125570e+00,3.844561825375351294e+00,3.481266390729820248e-02,1.376027008463181112e+01,5.389490895390648006e+01,9.018207849988256442e+01,1.280532853882166080e+02,-inf
-7.252647533296440407e+00,3.258381799430025705e+00,3.074359236093627407e-02,1.075131067295598797e+01,-1.359916578566118517e+01,8.936276586519055343e+01,1.310377726906565670e+02,-inf
-7.196566049957763944e+00,3.099679607176498042e+00,3.766126199256924351e-02,4.315070836997133341e+00,6.287241665370749644e+01,8.947317153753238017e+01,1.271908604772532669e+02,-3.161695097656250000e+05
-7.790348941202434929e+00,4.220693135249303118e+00,3.830006090208636083e-02,8.944255060886154851e+00,3.612094964639950945e+01,8.934271324267990622e+01,1.285310283385874186e+02,-3.138289902343750000e+05
-7.463278582344729628e+00,4.018491446216669871e+00,2.749353645047366082e-02,2.717664211179043221e+00,3.791442262263475982e+01,8.939474193366777399e+01,1.273476613601886100e+02,-3.139696894531250000e+05
-7.592330105274559315e+00,4.617196901335937298e+00,4.983618573652284778e-02,6.789470532300624583e+00,2.702967650274978340e+01,8.972663092812878460e+01,1.316503589809310313e+02,-3.167084394531250000e+05
-7.816354929036705812e+00,1.206660928850557646e+00,4.940047338702877044e-02,7.199059874202347942e+00,6.712617409255351220e+01,8.976110751418556788e+01,1.255739803668428607e+02,-3.158606289062500000e+05
-7.243345997416597015e+00,3.803320569589229816e+00,4.232968239907966557e-02,8.294481702860657890e+00,5.119047063327047198e+01,8.948457621598501532e+01,1.289553328451777929e+02,-3.154378828125000000e+05
-7.445748045954113437e+00,1.907886099745286002e+00,6.828390398109557280e-02,4.473644799797973803e+00,4.807737135409073659e+01,8.945402459955100483e+01,1.281020968941038802e+02,-3.134118261718750000e+05
-7.478740493519171473e+00,4.210611827397690021e+00,4.703586404706351642e-02,9.335591931731681115e+00,3.636220098035832393e+01,8.924180541852352633e+01,1.284588452332237978e+02,-3.136960332031250000e+05
-7.618017196099219568e+00,3.163936109352937898e+00,3.993726107667044251e-02,9.023474483145383473e+00,4.124836644650476103e+01,8.911231072765886552e+01,1.290264753211332334e+02,-3.132443085937500000e+05
-7.619500179476199619e+00,3.819998455227581413e+00,3.365141818047081429e-02,5.951184949120533751e+00,4.211328058062877489e+01,8.939844208437169470e+01,1.275899639346554295e+02,-3.133528300781250000e+05
-7.414781843357630464e+00,2.803905153481796475e+00,2.647002159945933963e-02,3.870346208057459769e+00,3.678681641547527192e+01,8.966509712910649910e+01,1.260704332054409207e+02,-3.163358144531250000e+05
-7.624820523238796000e+00,3.903746261642382365e+00,3.609136220356715802e-02,5.640198195717674778e+00,4.732374456165865695e+01,8.942544111864005174e+01,1.279367075711909933e+02,-3.139455878906250000e+05
-7.372899401648437490e+00,2.329037308073283796e+00,5.269395643326874740e-02,9.625398068131904239e+00,3.631010186348935065e+01,8.955001493409959323e+01,1.281673451354399447e+02,-3.161320273437500000e+05
-7.543234354908926242e+00,2.030771047348068237e+00,4.975103359591218077e-02,1.136700677177478802e+01,4.147538034413179275e+01,8.974512349586022708e+01,1.270954281449395182e+02,-3.132890742187500000e+05
-7.517590313829125570e+00,3.844561825375351294e+00,3.481266390729820248e-02,1.376027008463181112e+01,5.389490895390648006e+01,9.018207849988256442e+01,1.280532853882166080e+02,-inf
-7.252647533296440407e+00,3.258381799430025705e+00,3.074359236093627407e-02,1.075131067295598797e+01,-1.359916578566118517e+01,8.936276586519055343e+01,1.310377726906565670e+02,-inf
-7.196566049957763944e+00,3.099679607176498042e+00,3.766126199256924351e-02,4.315070836997133341e+00,6.287241665370749644e+01,8.947317153753238017e+01,1.271908604772532669e+02,-3.161695097656250000e+05
-7.790348941202434929e+00,4.220693135249303118e+00,3.830006090208636083e-02,8.944255060886154851e+00,3.612094964639950945e+01,8.934271324267990622e+01,1.285310283385874186e+02,-3.138289902343750000e+05
-7.463278582344729628e+00,4.018491446216669871e+00,2.749353645047366082e-02,2.717664211179043221e+00,3.791442262263475982e+01,8.939474193366777399e+01,1.273476613601886100e+02,-3.139696894531250000e+05
-7.539759905583878208e+00,4.429026009668372232e+00,4.854017399620594309e-02,7.967836303046007096e+00,3.134884502374595172e+01,8.950224972406259383e+01,1.301733003622799743e+02,-3.148880000000000000e+05
-7.725680258525883914e+00,2.410408969813970792e+00,4.214618871825853014e-02,6.624267302912461908e+00,5.560480677589177390e+01,8.959405760338862024e+01,1.265025769395684279e+02,-3.150496542968750000e+05
-7.243345997416597015e+00,3.803320569589229816e+00,4.232968239907966557e-02,8.294481702860657890e+00,5.119047063327047198e+01,8.948457621598501532e+01,1.289553328451777929e+02,-3.154378828125000000e+05
-7.444822284416265923e+00,1.934673368043475339e+00,6.703384162887777997e-02,4.455608664100322081e+00,4.773983040212669948e+01,8.946033479625496909e+01,1.280413585425108352e+02,-3.133949863281250000e+05
-7.478740493519171473e+00,4.210611827397690021e+00,4.703586404706351642e-02,9.335591931731681115e+00,3.636220098035832393e+01,8.924180541852352633e+01,1.284588452332237978e+02,-3.136960332031250000e+05
-7.618017196099219568e+00,3.163936109352937898e+00,3.993726107667044251e-02,9.023474483145383473e+00,4.124836644650476103e+01,8.911231072765886552e+01,1.290264753211332334e+02,-3.132443085937500000e+05
-7.619500179476199619e+00,3.819998455227581413e+00,3.365141818047081429e-02,5.951184949120533751e+00,4.211328058062877489e+01,8.939844208437169470e+01,1.275899639346554295e+02,-3.133528300781250000e+05
-7.414781843357630464e+00,2.803905153481796475e+00,2.647002159945933963e-02,3.870346208057459769e+00,3.678681641547527192e+01,8.966509712910649910e+01,1.260704332054409207e+02,-3.163358144531250000e+05
-7.624820523238796000e+00,3.903746261642382365e+00,3.609136220356715802e-02,5.640198195717674778e+00,4.732374456165865695e+01,8.942544111864005174e+01,1.279367075711909933e+02,-3.139455878906250000e+05
-7.372899401648437490e+00,2.329037308073283796e+00,5.269395643326874740e-02,9.625398068131904239e+00,3.631010186348935065e+01,8.955001493409959323e+01,1.281673451354399447e+02,-3.161320273437500000e+05
-7.543234354908926242e+00,2.030771047348068237e+00,4.975103359591218077e-02,1.136700677177478802e+01,4.147538034413179275e+01,8.974512349586022708e+01,1.270954281449395182e+02,-3.132890742187500000e+05
-7.517590313829125570e+00,3.844561825375351294e+00,3.481266390729820248e-02,1.376027008463181112e+01,5.389490895390648006e+01,9.018207849988256442e+01,1.280532853882166080e+02,-inf
-7.252647533296440407e+00,3.258381799430025705e+00,3.074359236093627407e-02,1.075131067295598797e+01,-1.359916578566118517e+01,8.936276586519055343e+01,1.310377726906565670e+02,-inf
-7.287024536166156530e+00,3.455818333465748182e+00,4.066653879918795400e-02,5.924531752291384734e+00,5.437386537244203311e+01,8.939900100450572040e+01,1.275973465505941107e+02,-3.149112304687500000e+05
-7.760454267566398556e+00,4.219725968247608705e+00,3.913814467648133594e-02,8.981798613131457998e+00,3.614409449355169102e+01,8.933303248308270383e+01,1.285241033325648914e+02,-3.136980175781250000e+05
-7.463278582344729628e+00,4.018491446216669871e+00,2.749353645047366082e-02,2.717664211179043221e+00,3.791442262263475982e+01,8.939474193366777399e+01,1.273476613601886100e+02,-3.139696894531250000e+05
-7.539759905583878208e+00,4.429026009668372232e+00,4.854017399620594309e-02,7.967836303046007096e+00,3.134884502374595172e+01,8.950224972406259383e+01,1.301733003622799743e+02,-3.148880000000000000e+05
-7.725680258525883914e+00,2.410408969813970792e+00,4.214618871825853014e-02,6.624267302912461908e+00,5.560480677589177390e+01,8.959405760338862024e+01,1.265025769395684279e+02,-3.150496542968750000e+05
-7.277373801815346432e+00,3.862197168165212080e+00,4.300999154493495569e-02,8.444980953319440431e+00,4.904694787604620387e+01,8.944948211928128501e+01,1.288835623338629830e+02,-3.149119062500000000e+05
-7.459372492908097563e+00,2.911003780940951913e+00,5.845512385673414663e-02,6.549020311079210899e+00,4.285906326824667190e+01,8.936659022389456197e+01,1.282204516772341094e+02,-3.132043691406250000e+05
-7.478740493519171473e+00,4.210611827397690021e+00,4.703586404706351642e-02,9.335591931731681115e+00,3.636220098035832393e+01,8.924180541852352633e+01,1.284588452332237978e+02,-3.136960332031250000e+05
-7.618017196099219568e+00,3.163936109352937898e+00,3.993726107667044251e-02,9.023474483145383473e+00,4.124836644650476103e+01,8.911231072765886552e+01,1.290264753211332334e+02,-3.132443085937500000e+05
-7.619500179476199619e+00,3.819998455227581413e+00,3.365141818047081429e-02,5.951184949120533751e+00,4.211328058062877489e+01,8.939844208437169470e+01,1.275899639346554295e+02,-3.133528300781250000e+05
-7.451621028250134060e+00,2.954792760120364292e+00,2.782009552954973347e-02,4.415086624221026490e+00,3.671831991399585604e+01,8.962970815956651904e+01,1.263319270393365059e+02,-3.152299316406250000e+05
-7.624820523238796000e+00,3.903746261642382365e+00,3.609136220356715802e-02,5.640198195717674778e+00,4.732374456165865695e+01,8.942544111864005174e+01,1.279367075711909933e+02,-3.139455878906250000e+05
-7.386363338636777520e+00,2.224983742473272130e+00,5.515161736437317053e-02,9.499335857427983143e+00,4.189816668087246398e+01,8.957098017729678929e+01,1.278459592288201350e+02,-3.138852089843750000e+05
-7.478563809540541563e+00,2.476265215839702272e+00,4.811127598345259215e-02,1.065622436700978426e+01,4.331716317308012520e+01,8.967320876900681981e+01,1.275303915565624209e+02,-3.132367500000000000e+05
-7.490496183731561786e+00,3.410091027441433109e+00,4.581568455565591252e-02,1.040420940699673658e+01,4.875891049134796873e+01,8.980255647220947424e+01,1.281310833049182918e+02,-3.136841367187500000e+05
-7.252647533296440407e+00,3.258381799430025705e+00,3.074359236093627407e-02,1.075131067295598797e+01,-1.359916578566118517e+01,8.936276586519055343e+01,1.310377726906565670e+02,-inf
-7.287024536166156530e+00,3.455818333465748182e+00,4.066653879918795400e-02,5.924531752291384734e+00,5.437386537244203311e+01,8.939900100450572040e+01,1.275973465505941107e+02,-3.149112304687500000e+05
-7.631687933961980086e+00,3.833541115381986941e+00,4.232324036068637468e-02,9.660269211987243310e+00,4.216119011838355846e+01,8.955698903870919025e+01,1.283366381258399826e+02,-3.133867890625000000e+05
-7.463278582344729628e+00,4.018491446216669871e+00,2.749353645047366082e-02,2.717664211179043221e+00,3.791442262263475982e+01,8.939474193366777399e+01,1.273476613601886100e+02,-3.139696894531250000e+05
-7.534041487420636507e+00,4.246551905699583074e+00,4.850009597906298348e-02,8.219050483831745524e+00,3.246721453280972014e+01,8.951822484945436997e+01,1.299263359528558226e+02,-3.144865253906250000e+05
-7.669110610220015722e+00,2.379495569146750533e+00,4.431440515974400390e-02,7.103587983523843796e+00,5.331968698321016831e+01,8.959021022118838573e+01,1.267265406124325438e+02,-3.145919824218750000e+05
-7.302942998260472329e+00,3.478103126434375358e+00,4.585844493591575977e-02,8.692335043007915374e+00,4.736982733719940342e+01,8.947798584361758856e+01,1.286401382548306742e+02,-3.144397773437500000e+05
-7.459372492908097563e+00,2.911003780940951913e+00,5.845512385673414663e-02,6.549020311079210899e+00,4.285906326824667190e+01,8.936659022389456197e+01,1.282204516772341094e+02,-3.132043691406250000e+05
-7.478740493519171473e+00,4.210611827397690021e+00,4.703586404706351642e-02,9.335591931731681115e+00,3.636220098035832393e+01,8.924180541852352633e+01,1.284588452332237978e+02,-3.136960332031250000e+05
-7.558486207156791536e+00,3.492700359433674961e+00,3.514991540288741473e-02,6.597505214937529949e+00,3.996573266752842102e+01,8.922096756898606884e+01,1.283806025624179767e+02,-3.130752480468750000e+05
-7.619500179476199619e+00,3.819998455227581413e+00,3.365141818047081429e-02,5.951184949120533751e+00,4.211328058062877489e+01,8.939844208437169470e+01,1.275899639346554295e+02,-3.133528300781250000e+05
-7.451621028250134060e+00,2.954792760120364292e+00,2.782009552954973347e-02,4.415086624221026490e+00,3.671831991399585604e+01,8.962970815956651904e+01,1.263319270393365059e+02,-3.152299316406250000e+05
-7.589375663684378104e+00,5.123586984559462820e+00,2.951055321090880965e-02,4.469063771796744966e+00,4.252525913266447333e+01,8.929357825503335278e+01,1.289051906068820017e+02,-3.134026523437500000e+05
-7.375152897919594608e+00,2.363884130557372565e+00,5.351696795749343732e-02,9.095917168059068914e+00,4.330605641890949897e+01,8.955157222921189941e+01,1.278179031457843280e+02,-3.138045507812500000e+05
-7.478563809540541563e+00,2.476265215839702272e+00,4.811127598345259215e-02,1.065622436700978426e+01,4.331716317308012520e+01,8.967320876900681981e+01,1.275303915565624209e+02,-3.132367500000000000e+05
-7.490496183731561786e+00,3.410091027441433109e+00,4.581568455565591252e-02,1.040420940699673658e+01,4.875891049134796873e+01,8.980255647220947424e+01,1.281310833049182918e+02,-3.136841367187500000e+05
-7.252647533296440407e+00,3.258381799430025705e+00,3.074359236093627407e-02,1.075131067295598797e+01,-1.359916578566118517e+01,8.936276586519055343e+01,1.310377726906565670e+02,-inf
-7.287024536166156530e+00,3.455818333465748182e+00,4.066653879918795400e-02,5.924531752291384734e+00,5.437386537244203311e+01,8.939900100450572040e+01,1.275973465505941107e+02,-3.149112304687500000e+05
-7.631687933961980086e+00,3.833541115381986941e+00,4.232324036068637468e-02,9.660269211987243310e+00,4.216119011838355846e+01,8.955698903870919025e+01,1.283366381258399826e+02,-3.133867890625000000e+05
-7.470810994179042375e+00,4.084504351690972257e+00,2.761402298953467491e-02,2.822284101162644276e+00,3.818985103957552241e+01,8.938869891917407529e+01,1.274407004028487762e+02,-3.137920468750000000e+05
-7.541218810816236129e+00,4.025210184533493774e+00,4.458028980337001845e-02,7.742941331381756775e+00,3.466888795028166470e+01,8.943094581100984897e+01,1.294724862648129715e+02,-3.137608183593750000e+05
-7.669110610220015722e+00,2.379495569146750533e+00,4.431440515974400390e-02,7.103587983523843796e+00,5.331968698321016831e+01,8.959021022118838573e+01,1.267265406124325438e+02,-3.145919824218750000e+05
-7.314575555589337696e+00,3.298609505647809303e+00,4.709218447195576140e-02,8.757349566345089542e+00,4.671517958943158533e+01,8.948984014410949328e+01,1.285076813882661213e+02,-3.142625449218750000e+05
-7.467167060966098724e+00,2.734434377287270568e+00,5.425396206184171510e-02,8.217164407452957064e+00,4.304512089805785280e+01,8.949112358257421818e+01,1.279401832267831765e+02,-3.132019375000000000e+05
-7.449408974470030920e+00,4.095132448158193661e+00,4.606139125190526762e-02,8.813717915544350134e+00,3.911788957570214365e+01,8.926585550485091858e+01,1.283270405291749228e+02,-3.134111503906250000e+05
-7.558486207156791536e+00,3.492700359433674961e+00,3.514991540288741473e-02,6.597505214937529949e+00,3.996573266752842102e+01,8.922096756898606884e+01,1.283806025624179767e+02,-3.130752480468750000e+05
-7.619500179476199619e+00,3.819998455227581413e+00,3.365141818047081429e-02,5.951184949120533751e+00,4.211328058062877489e+01,8.939844208437169470e+01,1.275899639346554295e+02,-3.133528300781250000e+05
-7.451621028250134060e+00,2.954792760120364292e+00,2.782009552954973347e-02,4.415086624221026490e+00,3.671831991399585604e+01,8.962970815956651904e+01,1.263319270393365059e+02,-3.152299316406250000e+05
-7.547161297818146153e+00,4.753626737445681982e+00,2.883530297847890222e-02,3.882735991293025712e+00,4.098165846153163727e+01,8.932744549840549553e+01,1.283837660919864447e+02,-3.131510390625000000e+05
-7.375152897919594608e+00,2.363884130557372565e+00,5.351696795749343732e-02,9.095917168059068914e+00,4.330605641890949897e+01,8.955157222921189941e+01,1.278179031457843280e+02,-3.138045507812500000e+05
-7.478563809540541563e+00,2.476265215839702272e+00,4.811127598345259215e-02,1.065622436700978426e+01,4.331716317308012520e+01,8.967320876900681981e+01,1.275303915565624209e+02,-3.132367500000000000e+05
-7.490496183731561786e+00,3.410091027441433109e+00,4.581568455565591252e-02,1.040420940699673658e+01,4.875891049134796873e+01,8.980255647220947424e+01,1.281310833049182918e+02,-3.136841367187500000e+05
-7.252647533296440407e+00,3.258381799430025705e+00,3.074359236093627407e-02,1.075131067295598797e+01,-1.359916578566118517e+01,8.936276586519055343e+01,1.310377726906565670e+02,-inf
-7.287024536166156530e+00,3.455818333465748182e+00,4.066653879918795400e-02,5.924531752291384734e+00,5.437386537244203311e+01,8.939900100450572040e+01,1.275973465505941107e+02,-3.149112304687500000e+05
-7.631687933961980086e+00,3.833541115381986941e+00,4.232324036068637468e-02,9.660269211987243310e+00,4.216119011838355846e+01,8.955698903870919025e+01,1.283366381258399826e+02,-3.133867890625000000e+05
-7.470810994179042375e+00,4.084504351690972257e+00,2.761402298953467491e-02,2.822284101162644276e+00,3.818985103957552241e+01,8.938869891917407529e+01,1.274407004028487762e+02,-3.137920468750000000e+05
-7.543864629569329239e+00,4.349528634895898804e+00,3.757002938629139949e-02,6.024232703779796694e+00,3.747957085076880901e+01,8.938486357844433883e+01,1.289877470892440670e+02,-3.132223710937500000e+05
-7.618654837214131170e+00,3.361777641546930262e+00,3.791002246491526062e-02,5.770980412355148914e+00,4.821490406833419939e+01,8.948149294393964226e+01,1.274122073945492843e+02,-3.139747988281250000e+05
-7.314575555589337696e+00,3.298609505647809303e+00,4.709218447195576140e-02,8.757349566345089542e+00,4.671517958943158533e+01,8.948984014410949328e+01,1.285076813882661213e+02,-3.142625449218750000e+05
-7.467167060966098724e+00,2.734434377287270568e+00,5.425396206184171510e-02,8.217164407452957064e+00,4.304512089805785280e+01,8.949112358257421818e+01,1.279401832267831765e+02,-3.132019375000000000e+05
-7.449408974470030920e+00,4.095132448158193661e+00,4.606139125190526762e-02,8.813717915544350134e+00,3.911788957570214365e+01,8.926585550485091858e+01,1.283270405291749228e+02,-3.134111503906250000e+05
-7.558486207156791536e+00,3.492700359433674961e+00,3.514991540288741473e-02,6.597505214937529949e+00,3.996573266752842102e+01,8.922096756898606884e+01,1.283806025624179767e+02,-3.130752480468750000e+05
-7.604396989869282031e+00,3.712369331239657289e+00,3.569407397107320079e-02,6.175847305798440878e+00,4.220566863868962315e+01,8.940763106608555688e+01,1.276246867081713816e+02,-3.133067539062500000e+05
-7.451621028250134060e+00,2.954792760120364292e+00,2.782009552954973347e-02,4.415086624221026490e+00,3.671831991399585604e+01,8.962970815956651904e+01,1.263319270393365059e+02,-3.152299316406250000e+05
-7.547161297818146153e+00,4.753626737445681982e+00,2.883530297847890222e-02,3.882735991293025712e+00,4.098165846153163727e+01,8.932744549840549553e+01,1.283837660919864447e+02,-3.131510390625000000e+05
-7.375152897919594608e+00,2.363884130557372565e+00,5.351696795749343732e-02,9.095917168059068914e+00,4.330605641890949897e+01,8.955157222921189941e+01,1.278179031457843280e+02,-3.138045507812500000e+05
-7.478563809540541563e+00,2.476265215839702272e+00,4.811127598345259215e-02,1.065622436700978426e+01,4.331716317308012520e+01,8.967320876900681981e+01,1.275303915565624209e+02,-3.132367500000000000e+05
-7.485830142027012357e+00,3.569949315249957955e+00,4.150128810379434541e-02,8.607042070435777958e+00,4.625369345758470274e+01,8.970445852923290886e+01,1.279674396984104874e+02,-3.134417812500000000e+05
-7.252647533296440407e+00,3.258381799430025705e+00,3.074359236093627407e-02,1.075131067295598797e+01,-1.359916578566118517e+01,8.936276586519055343e+01,1.310377726906565670e+02,-inf
-7.287024536166156530e+00,3.455818333465748182e+00,4.066653879918795400e-02,5.924531752291384734e+00,5.437386537244203311e+01,8.939900100450572040e+01,1.275973465505941107e+02,-3.149112304687500000e+05
-7.624660524932656891e+00,3.802339421256319962e+00,4.061623221963345937e-02,8.763031729753148369e+00,4.217264332257276038e+01,8.951852941042180589e+01,1.281533108725221837e+02,-3.133537773437500000e+05
-7.470810994179042375e+00,4.084504351690972257e+00,2.761402298953467491e-02,2.822284101162644276e+00,3.818985103957552241e+01,8.938869891917407529e+01,1.274407004028487762e+02,-3.137920468750000000e+05
-7.543864629569329239e+00,4.349528634895898804e+00,3.757002938629139949e-02,6.024232703779796694e+00,3.747957085076880901e+01,8.938486357844433883e+01,1.289877470892440670e+02,-3.132223710937500000e+05
-7.618654837214131170e+00,3.361777641546930262e+00,3.791002246491526062e-02,5.770980412355148914e+00,4.821490406833419939e+01,8.948149294393964226e+01,1.274122073945492843e+02,-3.139747988281250000e+05
-7.314575555589337696e+00,3.298609505647809303e+00,4.709218447195576140e-02,8.757349566345089542e+00,4.671517958943158533e+01,8.948984014410949328e+01,1.285076813882661213e+02,-3.142625449218750000e+05
-7.467167060966098724e+00,2.734434377287270568e+00,5.425396206184171510e-02,8.217164407452957064e+00,4.304512089805785280e+01,8.949112358257421818e+01,1.279401832267831765e+02,-3.132019375000000000e+05
-7.449408974470030920e+00,4.095132448158193661e+00,4.606139125190526762e-02,8.813717915544350134e+00,3.911788957570214365e+01,8.926585550485091858e+01,1.283270405291749228e+02,-3.134111503906250000e+05
-7.558486207156791536e+00,3.492700359433674961e+00,3.514991540288741473e-02,6.597505214937529949e+00,3.996573266752842102e+01,8.922096756898606884e+01,1.283806025624179767e+02,-3.130752480468750000e+05
-7.546931006173962508e+00,3.302852292441516902e+00,4.346615572419811058e-02,7.030662987903879113e+00,4.255719508948219953e+01,8.944259413594623709e+01,1.277568030616475028e+02,-3.131804355468750000e+05
-7.497221155767228140e+00,3.065899383418290824e+00,3.057463940150321330e-02,4.785244797719171217e+00,3.985688034496719467e+01,8.958924549650160429e+01,1.266268429144964358e+02,-3.136848535156250000e+05
-7.535275445590235321e+00,4.453607349087028489e+00,3.261210537807264498e-02,4.526762082100267648e+00,4.128825566857489804e+01,8.935176541941399364e+01,1.283178568390937642e+02,-3.131297714843750000e+05
-7.466558763441333291e+00,2.890854998881881244e+00,4.879084823881814359e-02,8.973966260296466046e+00,4.289083622582534616e+01,8.953946715856959315e+01,1.279407780812408930e+02,-3.131994296875000000e+05
-7.478563809540541563e+00,2.476265215839702272e+00,4.811127598345259215e-02,1.065622436700978426e+01,4.331716317308012520e+01,8.967320876900681981e+01,1.275303915565624209e+02,-3.132367500000000000e+05
-7.491560284403866454e+00,3.573238894396390197e+00,4.152534795031458115e-02,8.684359638940895465e+00,4.601964703321358741e+01,8.971326268291453232e+01,1.279781068343823449e+02,-3.134202343750000000e+05
-7.252647533296440407e+00,3.258381799430025705e+00,3.074359236093627407e-02,1.075131067295598797e+01,-1.359916578566118517e+01,8.936276586519055343e+01,1.310377726906565670e+02,-inf
-7.287024536166156530e+00,3.455818333465748182e+00,4.066653879918795400e-02,5.924531752291384734e+00,5.437386537244203311e+01,8.939900100450572040e+01,1.275973465505941107e+02,-3.149112304687500000e+05
-7.624660524932656891e+00,3.802339421256319962e+00,4.061623221963345937e-02,8.763031729753148369e+00,4.217264332257276038e+01,8.951852941042180589e+01,1.281533108725221837e+02,-3.133537773437500000e+05
-7.477839698330654983e+00,3.813416537803662631e+00,2.840195065126642840e-02,3.344699306812580097e+00,3.863350814332109451e+01,8.944207165435962281e+01,1.272241033370526111e+02,-3.137241093750000000e+05
-7.543864629569329239e+00,4.349528634895898804e+00,3.757002938629139949e-02,6.024232703779796694e+00,3.747957085076880901e+01,8.938486357844433883e+01,1.289877470892440670e+02,-3.132223710937500000e+05
-7.618654837214131170e+00,3.361777641546930262e+00,3.791002246491526062e-02,5.770980412355148914e+00,4.821490406833419939e+01,8.948149294393964226e+01,1.274122073945492843e+02,-3.139747988281250000e+05
-7.373045693461325989e+00,3.141740450404904461e+00,4.774568498724503229e-02,8.840685140976765055e+00,4.524389939407186034e+01,8.950893237422272364e+01,1.282895854881313369e+02,-3.136711796875000000e+05
-7.467167060966098724e+00,2.734434377287270568e+00,5.425396206184171510e-02,8.217164407452957064e+00,4.304512089805785280e+01,8.949112358257421818e+01,1.279401832267831765e+02,-3.132019375000000000e+05
-7.449408974470030920e+00,4.095132448158193661e+00,4.606139125190526762e-02,8.813717915544350134e+00,3.911788957570214365e+01,8.926585550485091858e+01,1.283270405291749228e+02,-3.134111503906250000e+05
-7.558486207156791536e+00,3.492700359433674961e+00,3.514991540288741473e-02,6.597505214937529949e+00,3.996573266752842102e+01,8.922096756898606884e+01,1.283806025624179767e+02,-3.130752480468750000e+05
-7.546931006173962508e+00,3.302852292441516902e+00,4.346615572419811058e-02,7.030662987903879113e+00,4.255719508948219953e+01,8.944259413594623709e+01,1.277568030616475028e+02,-3.131804355468750000e+05
-7.497221155767228140e+00,3.065899383418290824e+00,3.057463940150321330e-02,4.785244797719171217e+00,3.985688034496719467e+01,8.958924549650160429e+01,1.266268429144964358e+02,-3.136848535156250000e+05
-7.535275445590235321e+00,4.453607349087028489e+00,3.261210537807264498e-02,4.526762082100267648e+00,4.128825566857489804e+01,8.935176541941399364e+01,1.283178568390937642e+02,-3.131297714843750000e+05
-7.466558763441333291e+00,2.890854998881881244e+00,4.879084823881814359e-02,8.973966260296466046e+00,4.289083622582534616e+01,8.953946715856959315e+01,1.279407780812408930e+02,-3.131994296875000000e+05
-7.478563809540541563e+00,2.476265215839702272e+00,4.811127598345259215e-02,1.065622436700978426e+01,4.331716317308012520e+01,8.967320876900681981e+01,1.275303915565624209e+02,-3.132367500000000000e+05
-7.491560284403866454e+00,3.573238894396390197e+00,4.152534795031458115e-02,8.684359638940895465e+00,4.601964703321358741e+01,8.971326268291453232e+01,1.279781068343823449e+02,-3.134202343750000000e+05
-7.358229089232095177e+00,2.892861053464291121e+00,3.886034733914842110e-02,1.070687226286495708e+01,1.300057580673490776e+01,8.950785078496272718e+01,1.293986045724776943e+02,-4.007567148437500000e+05
-7.287024536166156530e+00,3.455818333465748182e+00,4.066653879918795400e-02,5.924531752291384734e+00,5.437386537244203311e+01,8.939900100450572040e+01,1.275973465505941107e+02,-3.149112304687500000e+05
-7.624660524932656891e+00,3.802339421256319962e+00,4.061623221963345937e-02,8.763031729753148369e+00,4.217264332257276038e+01,8.951852941042180589e+01,1.281533108725221837e+02,-3.133537773437500000e+05
-7.474976620944862482e+00,3.579272372891454168e+00,3.357660968235638005e-02,4.773395338767070228e+00,3.971400899511279903e+01,8.946679042707813778e+01,1.274059938694584559e+02,-3.134585507812500000e+05
-7.535707119923679365e+00,4.228456646977665656e+00,3.818691024457511463e-02,6.439112405716285181e+00,3.881150137417935042e+01,8.943608148116091172e+01,1.288302812020100987e+02,-3.131265781250000000e+05
-7.618654837214131170e+00,3.361777641546930262e+00,3.791002246491526062e-02,5.770980412355148914e+00,4.821490406833419939e+01,8.948149294393964226e+01,1.274122073945492843e+02,-3.139747988281250000e+05
-7.373045693461325989e+00,3.141740450404904461e+00,4.774568498724503229e-02,8.840685140976765055e+00,4.524389939407186034e+01,8.950893237422272364e+01,1.282895854881313369e+02,-3.136711796875000000e+05
-7.467222269343934293e+00,2.720237823090244422e+00,5.474978793622085893e-02,8.148477949038621659e+00,4.305912359596808159e+01,8.948673597568645732e+01,1.279401292384825126e+02,-3.132026152343750000e+05
-7.449408974470030920e+00,4.095132448158193661e+00,4.606139125190526762e-02,8.813717915544350134e+00,3.911788957570214365e+01,8.926585550485091858e+01,1.283270405291749228e+02,-3.134111503906250000e+05
-7.558486207156791536e+00,3.492700359433674961e+00,3.514991540288741473e-02,6.597505214937529949e+00,3.996573266752842102e+01,8.922096756898606884e+01,1.283806025624179767e+02,-3.130752480468750000e+05
-7.540494514144687521e+00,3.327578730432511289e+00,4.258151215356947850e-02,6.828744992421753146e+00,4.230286528628971610e+01,8.944475855211784676e+01,1.277254223395117805e+02,-3.131632753906250000e+05
-7.504233136444550034e+00,3.074628956668910895e+00,3.015663551534605857e-02,4.486505895571799130e+00,4.121174823909086626e+01,8.959335176068469764e+01,1.264870109106101381e+02,-3.136076855468750000e+05
-7.535275445590235321e+00,4.453607349087028489e+00,3.261210537807264498e-02,4.526762082100267648e+00,4.128825566857489804e+01,8.935176541941399364e+01,1.283178568390937642e+02,-3.131297714843750000e+05
-7.466558763441333291e+00,2.890854998881881244e+00,4.879084823881814359e-02,8.973966260296466046e+00,4.289083622582534616e+01,8.953946715856959315e+01,1.279407780812408930e+02,-3.131994296875000000e+05
-7.478563809540541563e+00,2.476265215839702272e+00,4.811127598345259215e-02,1.065622436700978426e+01,4.331716317308012520e+01,8.967320876900681981e+01,1.275303915565624209e+02,-3.132367500000000000e+05
-7.491560284403866454e+00,3.573238894396390197e+00,4.152534795031458115e-02,8.684359638940895465e+00,4.601964703321358741e+01,8.971326268291453232e+01,1.279781068343823449e+02,-3.134202343750000000e+05
-7.431216927061179867e+00,3.111484862901453319e+00,3.750800387567407301e-02,9.209128668117442018e+00,2.282858350197955133e+01,8.940329027864672184e+01,1.290275727390531131e+02,-3.315196074218750000e+05
-7.363786728940388215e+00,3.758034197423556932e+00,4.321678750706640926e-02,7.290304652335193758e+00,4.716207730148855148e+01,8.933606061059680314e+01,1.279422866842367057e+02,-3.139235703125000000e+05
-7.624660524932656891e+00,3.802339421256319962e+00,4.061623221963345937e-02,8.763031729753148369e+00,4.217264332257276038e+01,8.951852941042180589e+01,1.281533108725221837e+02,-3.133537773437500000e+05
-7.475621568928103144e+00,3.380960457455090218e+00,3.618982709982371260e-02,5.831081216249295984e+00,4.036182746308644909e+01,8.950390280346424277e+01,1.274283595843567838e+02,-3.133740214843750000e+05
-7.535707119923679365e+00,4.228456646977665656e+00,3.818691024457511463e-02,6.439112405716285181e+00,3.881150137417935042e+01,8.943608148116091172e+01,1.288302812020100987e+02,-3.131265781250000000e+05
-7.618654837214131170e+00,3.361777641546930262e+00,3.791002246491526062e-02,5.770980412355148914e+00,4.821490406833419939e+01,8.948149294393964226e+01,1.274122073945492843e+02,-3.139747988281250000e+05
-7.374554159292843636e+00,3.147232606720322234e+00,4.766651190141559663e-02,8.838695414002723183e+00,4.525377318934229720e+01,8.951153311128432222e+01,1.282856209559780325e+02,-3.136604628906250000e+05
-7.467222269343934293e+00,2.720237823090244422e+00,5.474978793622085893e-02,8.148477949038621659e+00,4.305912359596808159e+01,8.948673597568645732e+01,1.279401292384825126e+02,-3.132026152343750000e+05
-7.449408974470030920e+00,4.095132448158193661e+00,4.606139125190526762e-02,8.813717915544350134e+00,3.911788957570214365e+01,8.926585550485091858e+01,1.283270405291749228e+02,-3.134111503906250000e+05
-7.558486207156791536e+00,3.492700359433674961e+00,3.514991540288741473e-02,6.597505214937529949e+00,3.996573266752842102e+01,8.922096756898606884e+01,1.283806025624179767e+02,-3.130752480468750000e+05
-7.540494514144687521e+00,3.327578730432511289e+00,4.258151215356947850e-02,6.828744992421753146e+00,4.230286528628971610e+01,8.944475855211784676e+01,1.277254223395117805e+02,-3.131632753906250000e+05
-7.504233136444550034e+00,3.074628956668910895e+00,3.015663551534605857e-02,4.486505895571799130e+00,4.121174823909086626e+01,8.959335176068469764e+01,1.264870109106101381e+02,-3.136076855468750000e+05
-7.535275445590235321e+00,4.453607349087028489e+00,3.261210537807264498e-02,4.526762082100267648e+00,4.128825566857489804e+01,8.935176541941399364e+01,1.283178568390937642e+02,-3.131297714843750000e+05
-7.466558763441333291e+00,2.890854998881881244e+00,4.879084823881814359e-02,8.973966260296466046e+00,4.289083622582534616e+01,8.953946715856959315e+01,1.279407780812408930e+02,-3.131994296875000000e+05
-7.478563809540541563e+00,2.476265215839702272e+00,4.811127598345259215e-02,1.065622436700978426e+01,4.331716317308012520e+01,8.967320876900681981e+01,1.275303915565624209e+02,-3.132367500000000000e+05
-7.484399757137388143e+00,3.547168211039417152e+00,4.190117418913797548e-02,8.693804661793116395e+00,4.597277717459277113e+01,8.970091725999976973e+01,1.279969260479100512e+02,-3.134094824218750000e+05
-7.431216927061179867e+00,3.111484862901453319e+00,3.750800387567407301e-02,9.209128668117442018e+00,2.282858350197955133e+01,8.940329027864672184e+01,1.290275727390531131e+02,-3.315196074218750000e+05
-7.402889134404039062e+00,3.916636955303596679e+00,4.079873582109028868e-02,6.660168954731080504e+00,4.582274396458846866e+01,8.933964157973632325e+01,1.280279232016832225e+02,-3.136417480468750000e+05
-7.624660524932656891e+00,3.802339421256319962e+00,4.061623221963345937e-02,8.763031729753148369e+00,4.217264332257276038e+01,8.951852941042180589e+01,1.281533108725221837e+02,-3.133537773437500000e+05
-7.464294190154975972e+00,3.689579150686399966e+00,4.045567519863408484e-02,7.119982842892418340e+00,3.982427839890723220e+01,8.940103424073474514e+01,1.278167110493149750e+02,-3.133510898437500000e+05
-7.513878630922141255e+00,3.559127356694355981e+00,4.197797357160026888e-02,8.050030314534426523e+00,4.053264403046792808e+01,8.952666304460208835e+01,1.283337291710090824e+02,-3.130903984375000000e+05
-7.618654837214131170e+00,3.361777641546930262e+00,3.791002246491526062e-02,5.770980412355148914e+00,4.821490406833419939e+01,8.948149294393964226e+01,1.274122073945492843e+02,-3.139747988281250000e+05
-7.404131631279387449e+00,2.956428011565986225e+00,4.779299052282948851e-02,9.355550451629280673e+00,4.470305478611295058e+01,8.955750920317392172e+01,1.280708545727488570e+02,-3.134630761718750000e+05
-7.467222269343934293e+00,2.720237823090244422e+00,5.474978793622085893e-02,8.148477949038621659e+00,4.305912359596808159e+01,8.948673597568645732e+01,1.279401292384825126e+02,-3.132026152343750000e+05
-7.446803865144090651e+00,4.085136707149323421e+00,4.576668274210438092e-02,8.693119253259094847e+00,3.949336117390149781e+01,8.926998752231993706e+01,1.283102899698803583e+02,-3.133846289062500000e+05
-7.558486207156791536e+00,3.492700359433674961e+00,3.514991540288741473e-02,6.597505214937529949e+00,3.996573266752842102e+01,8.922096756898606884e+01,1.283806025624179767e+02,-3.130752480468750000e+05
-7.540494514144687521e+00,3.327578730432511289e+00,4.258151215356947850e-02,6.828744992421753146e+00,4.230286528628971610e+01,8.944475855211784676e+01,1.277254223395117805e+02,-3.131632753906250000e+05
-7.487082304735952043e+00,3.338704708950753997e+00,3.457931344699574638e-02,5.617390010653168453e+00,4.061593227646602600e+01,8.951076557036907388e+01,1.270580190472914666e+02,-3.134262070312500000e+05
-7.535275445590235321e+00,4.453607349087028489e+00,3.261210537807264498e-02,4.526762082100267648e+00,4.128825566857489804e+01,8.935176541941399364e+01,1.283178568390937642e+02,-3.131297714843750000e+05
-7.540215342927885089e+00,3.315498115910410437e+00,4.498245136259383659e-02,8.875695906640254762e+00,4.255624392169087145e+01,8.952971266313468846e+01,1.280397930339323977e+02,-3.131505878906250000e+05
-7.478563809540541563e+00,2.476265215839702272e+00,4.811127598345259215e-02,1.065622436700978426e+01,4.331716317308012520e+01,8.967320876900681981e+01,1.275303915565624209e+02,-3.132367500000000000e+05
-7.484399757137388143e+00,3.547168211039417152e+00,4.190117418913797548e-02,8.693804661793116395e+00,4.597277717459277113e+01,8.970091725999976973e+01,1.279969260479100512e+02,-3.134094824218750000e+05
-7.431216927061179867e+00,3.111484862901453319e+00,3.750800387567407301e-02,9.209128668117442018e+00,2.282858350197955133e+01,8.940329027864672184e+01,1.290275727390531131e+02,-3.315196074218750000e+05
-7.452276748354594638e+00,3.705219492852898089e+00,4.143858776172382880e-02,6.720672172602887962e+00,4.455943282337980094e+01,8.937736885799691322e+01,1.279193533490452523e+02,-3.133604804687500000e+05
-7.624660524932656891e+00,3.802339421256319962e+00,4.061623221963345937e-02,8.763031729753148369e+00,4.217264332257276038e+01,8.951852941042180589e+01,1.281533108725221837e+02,-3.133537773437500000e+05
-7.464294190154975972e+00,3.689579150686399966e+00,4.045567519863408484e-02,7.119982842892418340e+00,3.982427839890723220e+01,8.940103424073474514e+01,1.278167110493149750e+02,-3.133510898437500000e+05
-7.513878630922141255e+00,3.559127356694355981e+00,4.197797357160026888e-02,8.050030314534426523e+00,4.053264403046792808e+01,8.952666304460208835e+01,1.283337291710090824e+02,-3.130903984375000000e+05
-7.618654837214131170e+00,3.361777641546930262e+00,3.791002246491526062e-02,5.770980412355148914e+00,4.821490406833419939e+01,8.948149294393964226e+01,1.274122073945492843e+02,-3.139747988281250000e+05
-7.437972256452888509e+00,2.738121768593731353e+00,4.793769915856671560e-02,9.946902464584054471e+00,4.407295850647444979e+01,8.961011206569328635e+01,1.278251328059246532e+02,-3.133170078125000000e+05
-7.467222269343934293e+00,2.720237823090244422e+00,5.474978793622085893e-02,8.148477949038621659e+00,4.305912359596808159e+01,8.948673597568645732e+01,1.279401292384825126e+02,-3.132026152343750000e+05
-7.455018305620865426e+00,3.536030100668990706e+00,4.938063720159358710e-02,8.474006949921186305e+00,4.092788773551257719e+01,8.935718666144883571e+01,1.281613721962312979e+02,-3.132451152343750000e+05
-7.558486207156791536e+00,3.492700359433674961e+00,3.514991540288741473e-02,6.597505214937529949e+00,3.996573266752842102e+01,8.922096756898606884e+01,1.283806025624179767e+02,-3.130752480468750000e+05
-7.525538048906343924e+00,3.243212824262544647e+00,4.293074625341979089e-02,6.485018444412173011e+00,4.232600598471854170e+01,8.943164932586967097e+01,1.276493857077415299e+02,-3.131629648437500000e+05
-7.472578079869435008e+00,3.491439312138049811e+00,3.743772076540972243e-02,6.077151446235539822e+00,4.225927387592131623e+01,8.945517628768384100e+01,1.274169555992890395e+02,-3.133002851562500000e+05
-7.535275445590235321e+00,4.453607349087028489e+00,3.261210537807264498e-02,4.526762082100267648e+00,4.128825566857489804e+01,8.935176541941399364e+01,1.283178568390937642e+02,-3.131297714843750000e+05
-7.540215342927885089e+00,3.315498115910410437e+00,4.498245136259383659e-02,8.875695906640254762e+00,4.255624392169087145e+01,8.952971266313468846e+01,1.280397930339323977e+02,-3.131505878906250000e+05
-7.478563809540541563e+00,2.476265215839702272e+00,4.811127598345259215e-02,1.065622436700978426e+01,4.331716317308012520e+01,8.967320876900681981e+01,1.275303915565624209e+02,-3.132367500000000000e+05
-7.484399757137388143e+00,3.547168211039417152e+00,4.190117418913797548e-02,8.693804661793116395e+00,4.597277717459277113e+01,8.970091725999976973e+01,1.279969260479100512e+02,-3.134094824218750000e+05
-7.462364263921926977e+00,3.513215944378775824e+00,3.604253807915461238e-02,7.807578353719487829e+00,2.835402856346538414e+01,8.938786758985669678e+01,1.288151368854205145e+02,-3.195110175781250000e+05
-7.452276748354594638e+00,3.705219492852898089e+00,4.143858776172382880e-02,6.720672172602887962e+00,4.455943282337980094e+01,8.937736885799691322e+01,1.279193533490452523e+02,-3.133604804687500000e+05
-7.624660524932656891e+00,3.802339421256319962e+00,4.061623221963345937e-02,8.763031729753148369e+00,4.217264332257276038e+01,8.951852941042180589e+01,1.281533108725221837e+02,-3.133537773437500000e+05
-7.470905237045563752e+00,3.127456567067313564e+00,4.400247868347349767e-02,8.758306746333870407e+00,4.144251532601374777e+01,8.952713140704392458e+01,1.276840605881407100e+02,-3.132457695312500000e+05
-7.513878630922141255e+00,3.559127356694355981e+00,4.197797357160026888e-02,8.050030314534426523e+00,4.053264403046792808e+01,8.952666304460208835e+01,1.283337291710090824e+02,-3.130903984375000000e+05
-7.606422140954112621e+00,3.388395130426407498e+00,3.734887371842157688e-02,5.939018588589620506e+00,4.653779079441184763e+01,8.942852634362320430e+01,1.276090887916646608e+02,-3.137176972656250000e+05
-7.437972256452888509e+00,2.738121768593731353e+00,4.793769915856671560e-02,9.946902464584054471e+00,4.407295850647444979e+01,8.961011206569328635e+01,1.278251328059246532e+02,-3.133170078125000000e+05
-7.489745394190859606e+00,2.910874678814263206e+00,4.991271442579102435e-02,7.765711728760382293e+00,4.229570233943123725e+01,8.942114670627803719e+01,1.280488341213145702e+02,-3.131376582031250000e+05
-7.455018305620865426e+00,3.536030100668990706e+00,4.938063720159358710e-02,8.474006949921186305e+00,4.092788773551257719e+01,8.935718666144883571e+01,1.281613721962312979e+02,-3.132451152343750000e+05
-7.558486207156791536e+00,3.492700359433674961e+00,3.514991540288741473e-02,6.597505214937529949e+00,3.996573266752842102e+01,8.922096756898606884e+01,1.283806025624179767e+02,-3.130752480468750000e+05
-7.525538048906343924e+00,3.243212824262544647e+00,4.293074625341979089e-02,6.485018444412173011e+00,4.232600598471854170e+01,8.943164932586967097e+01,1.276493857077415299e+02,-3.131629648437500000e+05
-7.503292931994181458e+00,3.554229273682694590e+00,3.807965882244655764e-02,6.619596800127118819e+00,4.224177780900524226e+01,8.946797120162494821e+01,1.275656712733382818e+02,-3.132004550781250000e+05
-7.535275445590235321e+00,4.453607349087028489e+00,3.261210537807264498e-02,4.526762082100267648e+00,4.128825566857489804e+01,8.935176541941399364e+01,1.283178568390937642e+02,-3.131297714843750000e+05
-7.540215342927885089e+00,3.315498115910410437e+00,4.498245136259383659e-02,8.875695906640254762e+00,4.255624392169087145e+01,8.952971266313468846e+01,1.280397930339323977e+02,-3.131505878906250000e+05
-7.508932688847708370e+00,2.692914087933462319e+00,4.555499285486470928e-02,9.535794815269927227e+00,4.408212585047645149e+01,8.961509185974554725e+01,1.275490837044123538e+02,-3.132277519531250000e+05
-7.484399757137388143e+00,3.547168211039417152e+00,4.190117418913797548e-02,8.693804661793116395e+00,4.597277717459277113e+01,8.970091725999976973e+01,1.279969260479100512e+02,-3.134094824218750000e+05
-7.462364263921926977e+00,3.513215944378775824e+00,3.604253807915461238e-02,7.807578353719487829e+00,2.835402856346538414e+01,8.938786758985669678e+01,1.288151368854205145e+02,-3.195110175781250000e+05
-7.479616856699810690e+00,3.216717506864178233e+00,4.342501602078605721e-02,8.079148572177290433e+00,4.432910173648008367e+01,8.949208538317307671e+01,1.277406746065674241e+02,-3.132679921875000000e+05
-7.624660524932656891e+00,3.802339421256319962e+00,4.061623221963345937e-02,8.763031729753148369e+00,4.217264332257276038e+01,8.951852941042180589e+01,1.281533108725221837e+02,-3.133537773437500000e+05
-7.470905237045563752e+00,3.127456567067313564e+00,4.400247868347349767e-02,8.758306746333870407e+00,4.144251532601374777e+01,8.952713140704392458e+01,1.276840605881407100e+02,-3.132457695312500000e+05
-7.513878630922141255e+00,3.559127356694355981e+00,4.197797357160026888e-02,8.050030314534426523e+00,4.053264403046792808e+01,8.952666304460208835e+01,1.283337291710090824e+02,-3.130903984375000000e+05
-7.559612123571968212e+00,3.054456648009722386e+00,4.128908028556483450e-02,7.666027552665326539e+00,4.535869176137104830e+01,8.951810665066057027e+01,1.275802770677641860e+02,-3.134132402343750000e+05
-7.437972256452888509e+00,2.738121768593731353e+00,4.793769915856671560e-02,9.946902464584054471e+00,4.407295850647444979e+01,8.961011206569328635e+01,1.278251328059246532e+02,-3.133170078125000000e+05
-7.489745394190859606e+00,2.910874678814263206e+00,4.991271442579102435e-02,7.765711728760382293e+00,4.229570233943123725e+01,8.942114670627803719e+01,1.280488341213145702e+02,-3.131376582031250000e+05
-7.462333233651239794e+00,3.347907806091336536e+00,4.690433504831344885e-02,8.604909041345578657e+00,4.116484122176661486e+01,8.943543547803501781e+01,1.279416003618909627e+02,-3.132360410156250000e+05
-7.558486207156791536e+00,3.492700359433674961e+00,3.514991540288741473e-02,6.597505214937529949e+00,3.996573266752842102e+01,8.922096756898606884e+01,1.283806025624179767e+02,-3.130752480468750000e+05
-7.525538048906343924e+00,3.243212824262544647e+00,4.293074625341979089e-02,6.485018444412173011e+00,4.232600598471854170e+01,8.943164932586967097e+01,1.276493857077415299e+02,-3.131629648437500000e+05
-7.503292931994181458e+00,3.554229273682694590e+00,3.807965882244655764e-02,6.619596800127118819e+00,4.224177780900524226e+01,8.946797120162494821e+01,1.275656712733382818e+02,-3.132004550781250000e+05
-7.535275445590235321e+00,4.453607349087028489e+00,3.261210537807264498e-02,4.526762082100267648e+00,4.128825566857489804e+01,8.935176541941399364e+01,1.283178568390937642e+02,-3.131297714843750000e+05
-7.540215342927885089e+00,3.315498115910410437e+00,4.498245136259383659e-02,8.875695906640254762e+00,4.255624392169087145e+01,8.952971266313468846e+01,1.280397930339323977e+02,-3.131505878906250000e+05
-7.508932688847708370e+00,2.692914087933462319e+00,4.555499285486470928e-02,9.535794815269927227e+00,4.408212585047645149e+01,8.961509185974554725e+01,1.275490837044123538e+02,-3.132277519531250000e+05
-7.484399757137388143e+00,3.547168211039417152e+00,4.190117418913797548e-02,8.693804661793116395e+00,4.597277717459277113e+01,8.970091725999976973e+01,1.279969260479100512e+02,-3.134094824218750000e+05
-7.471786054993531323e+00,3.527733030960686911e+00,3.854753512428956558e-02,8.186505162172794670e+00,3.588733706416606140e+01,8.952171930618919760e+01,1.284652916839463330e+02,-3.140955742187500000e+05
-7.475798420824562918e+00,2.952901682075073975e+00,4.464157747635248003e-02,7.588436943499226039e+00,4.301687093802084405e+01,8.932536413509828321e+01,1.275360958766781039e+02,-3.132405429687500000e+05
-7.624660524932656891e+00,3.802339421256319962e+00,4.061623221963345937e-02,8.763031729753148369e+00,4.217264332257276038e+01,8.951852941042180589e+01,1.281533108725221837e+02,-3.133537773437500000e+05
-7.470905237045563752e+00,3.127456567067313564e+00,4.400247868347349767e-02,8.758306746333870407e+00,4.144251532601374777e+01,8.952713140704392458e+01,1.276840605881407100e+02,-3.132457695312500000e+05
-7.513878630922141255e+00,3.559127356694355981e+00,4.197797357160026888e-02,8.050030314534426523e+00,4.053264403046792808e+01,8.952666304460208835e+01,1.283337291710090824e+02,-3.130903984375000000e+05
-7.549887614901310329e+00,3.108326374205476750e+00,4.175760056367632672e-02,7.328975602581982329e+00,4.449318391061225242e+01,8.949343231943304033e+01,1.276000002025894702e+02,-3.133212832031250000e+05
-7.437972256452888509e+00,2.738121768593731353e+00,4.793769915856671560e-02,9.946902464584054471e+00,4.407295850647444979e+01,8.961011206569328635e+01,1.278251328059246532e+02,-3.133170078125000000e+05
-7.490251037825719216e+00,2.928007823430571754e+00,4.972057884554667573e-02,7.729740887038751396e+00,4.228451392692296196e+01,8.942037617769300084e+01,1.280518218101200318e+02,-3.131364277343750000e+05
